reg_number;name;serial_number;verification;certificate
25913-08;Манометр показывающий;00882971;2024-11-27;С-БП/27-11-2024/391329027
reg_number;name;serial_number;verification;certificate
10135-15;Манометр показывающий;212001722;2024-11-27;С-БП/27-11-2024/391327569
reg_number;name;serial_number;verification;certificate
10135-15;Манометр показывающий;222006993;2024-11-27;С-БП/27-11-2024/391327623
reg_number;name;serial_number;verification;certificate
55984-13;Манометр показывающий ;8971NU3D;2024-11-27;С-БП/27-11-2024/391328833
reg_number;name;serial_number;verification;certificate
55984-13;Манометр показывающий ;897221EG;2024-11-27;С-БП/27-11-2024/391328119
reg_number;name;serial_number;verification;certificate
55984-13;Манометр показывающий ;8972220G;2024-11-27;С-БП/27-11-2024/391327772
reg_number;name;serial_number;verification;certificate
55984-13;Манометр показывающий ;89729CHL;2024-11-27;С-БП/27-11-2024/391327773
reg_number;name;serial_number;verification;certificate
46437-16;Преобразователь температуры;117;2024-11-25;С-БП/25-11-2024/391502816
reg_number;name;serial_number;verification;certificate
46437-16;Преобразователь температуры;118;2024-11-25;С-БП/25-11-2024/391502849
reg_number;name;serial_number;verification;certificate
46437-16;Преобразователь температуры;119;2024-11-25;С-БП/25-11-2024/391502845
reg_number;name;serial_number;verification;certificate
46437-16;Преобразователь температуры;122;2024-11-25;С-БП/25-11-2024/391502820
reg_number;name;serial_number;verification;certificate
46437-16;Преобразователь температуры;125;2024-11-25;С-БП/25-11-2024/391502834
reg_number;name;serial_number;verification;certificate
46437-16;Преобразователь температуры;126;2024-11-25;С-БП/25-11-2024/391502847
reg_number;name;serial_number;verification;certificate
46437-16;Преобразователь температуры;127;2024-11-25;С-БП/25-11-2024/391502856
reg_number;name;serial_number;verification;certificate
46437-16;Преобразователь температуры;129;2024-11-25;С-БП/25-11-2024/391502831
reg_number;name;serial_number;verification;certificate
46437-16;Преобразователь температуры;130;2024-11-25;С-БП/25-11-2024/391502822
reg_number;name;serial_number;verification;certificate
46437-16;Преобразователь температуры;133;2024-11-25;С-БП/25-11-2024/391502854
reg_number;name;serial_number;verification;certificate
46437-16;Преобразователь температуры;136;2024-11-25;С-БП/25-11-2024/391502829
reg_number;name;serial_number;verification;certificate
46437-16;Преобразователь температуры;137;2024-11-25;С-БП/25-11-2024/391502842
reg_number;name;serial_number;verification;certificate
46437-16;Преобразователь температуры;138;2024-11-25;С-БП/25-11-2024/391502851
reg_number;name;serial_number;verification;certificate
46437-16;Преобразователь температуры;143;2024-11-25;С-БП/25-11-2024/391502827
reg_number;name;serial_number;verification;certificate
46437-16;Преобразователь температуры;144;2024-11-25;С-БП/25-11-2024/391502836
reg_number;name;serial_number;verification;certificate
46437-16;Преобразователь температуры;145;2024-11-25;С-БП/25-11-2024/391502858
reg_number;name;serial_number;verification;certificate
46437-16;Преобразователь температуры;147;2024-11-25;С-БП/25-11-2024/391502818
reg_number;name;serial_number;verification;certificate
46437-16;Преобразователь температуры;249;2024-11-25;С-БП/25-11-2024/391502861
reg_number;name;serial_number;verification;certificate
60966-15;Преобразователь температуры;153;2024-11-26;С-БП/26-11-2024/391502931
reg_number;name;serial_number;verification;certificate
60966-15; Преобразователь температуры;72;2024-11-26;С-БП/26-11-2024/391502918
reg_number;name;serial_number;verification;certificate
59942-15;Газоанализатор стационарный;94466;2024-06-02;С-БП/02-06-2024/345084699
reg_number;name;serial_number;verification;certificate
59942-15;Газоанализатор стационарный;94454;2024-06-02;С-БП/02-06-2024/345084483
reg_number;name;serial_number;verification;certificate
59942-15;Газоанализатор стационарный;94073;2024-06-02;С-БП/02-06-2024/345084357
reg_number;name;serial_number;verification;certificate
59942-15;Газоанализатор стационарный;94253;2024-06-02;С-БП/02-06-2024/345084257
reg_number;name;serial_number;verification;certificate
59942-15;Газоанализатор стационарный;94302;2024-06-02;С-БП/02-06-2024/345084721
reg_number;name;serial_number;verification;certificate
59942-15;Газоанализатор стационарный;93403;2024-06-02;С-БП/02-06-2024/345084723
reg_number;name;serial_number;verification;certificate
59942-15;Газоанализатор стационарный;94185;2024-06-02;С-БП/02-06-2024/345084725
reg_number;name;serial_number;verification;certificate
59942-15;Газоанализатор стационарный;94456;2024-06-02;С-БП/02-06-2024/345084726
reg_number;name;serial_number;verification;certificate
59942-15;Газоанализатор стационарный;94340;2024-06-02;С-БП/02-06-2024/345084729
reg_number;name;serial_number;verification;certificate
59942-15;Газоанализатор стационарный;94335;2024-06-02;С-БП/02-06-2024/345084717
reg_number;name;serial_number;verification;certificate
59942-15;Газоанализатор стационарный;94424;2024-06-02;С-БП/02-06-2024/345084718
reg_number;name;serial_number;verification;certificate
59942-15;Газоанализатор стационарный;94455;2024-06-02;С-БП/02-06-2024/345084763
reg_number;name;serial_number;verification;certificate
59942-15;Газоанализатор стационарный;94083;2024-06-02;С-БП/02-06-2024/345084764
reg_number;name;serial_number;verification;certificate
59942-15;Газоанализатор стационарный;94368;2024-06-02;С-БП/02-06-2024/345084765
reg_number;name;serial_number;verification;certificate
59942-15;Газоанализатор стационарный;94080;2024-06-02;С-БП/02-06-2024/345084760
reg_number;name;serial_number;verification;certificate
59942-15;Газоанализатор стационарный;94482;2024-06-02;С-БП/02-06-2024/345084761
reg_number;name;serial_number;verification;certificate
59942-15;Газоанализатор стационарный;94071;2024-06-02;С-БП/02-06-2024/345084752
reg_number;name;serial_number;verification;certificate
59942-15;Газоанализатор стационарный;94188;2024-06-02;С-БП/02-06-2024/345084754
reg_number;name;serial_number;verification;certificate
59942-15;Газоанализатор стационарный;94260;2024-06-02;С-БП/02-06-2024/345084757
reg_number;name;serial_number;verification;certificate
59942-15;Газоанализатор стационарный;94328;2024-06-02;С-БП/02-06-2024/345084759
reg_number;name;serial_number;verification;certificate
59942-15;Газоанализатор стационарный;94279;2024-06-02;С-БП/02-06-2024/345084750
reg_number;name;serial_number;verification;certificate
59942-15;Газоанализатор стационарный;94196;2024-06-02;С-БП/02-06-2024/345084747
reg_number;name;serial_number;verification;certificate
59942-15;Газоанализатор стационарный;94846;2024-06-02;С-БП/02-06-2024/345084730
reg_number;name;serial_number;verification;certificate
59942-15;Газоанализатор стационарный;94068;2024-06-02;С-БП/02-06-2024/345084209
reg_number;name;serial_number;verification;certificate
59942-15;Газоанализатор стационарный;94298;2024-06-02;С-БП/02-06-2024/345084249
reg_number;name;serial_number;verification;certificate
59942-15;Газоанализатор стационарный;94261;2024-06-02;С-БП/02-06-2024/345084233
reg_number;name;serial_number;verification;certificate
59942-15;Газоанализатор стационарный;94203;2024-06-02;С-БП/02-06-2024/345084227
reg_number;name;serial_number;verification;certificate
59942-15;Газоанализатор стационарный;94280;2024-06-02;С-БП/02-06-2024/345084217
reg_number;name;serial_number;verification;certificate
59942-15;Газоанализатор стационарный;94193;2024-06-02;С-БП/02-06-2024/345084103
reg_number;name;serial_number;verification;certificate
59942-15;Газоанализатор стационарный;94347;2024-06-02;С-БП/02-06-2024/345084077
reg_number;name;serial_number;verification;certificate
59942-15;Газоанализатор стационарный;94255;2024-06-02;С-БП/02-06-2024/345084010
reg_number;name;serial_number;verification;certificate
59942-15;Газоанализатор стационарный;94087;2024-06-02;С-БП/02-06-2024/345083925
reg_number;name;serial_number;verification;certificate
59942-15;Газоанализатор стационарный;93629;2024-06-02;С-БП/02-06-2024/345083284
reg_number;name;serial_number;verification;certificate
59942-15;Газоанализатор стационарный;94545;2024-06-02;С-БП/02-06-2024/345083264
reg_number;name;serial_number;verification;certificate
59942-15;Газоанализатор стационарный;94281;2024-06-02;С-БП/02-06-2024/345083104
reg_number;name;serial_number;verification;certificate
59942-15;Газоанализатор стационарный;94386;2024-06-02;С-БП/02-06-2024/345082879
reg_number;name;serial_number;verification;certificate
59942-15;Газоанализатор стационарный;19376 (19776);2024-06-02;С-БП/02-06-2024/345082976
reg_number;name;serial_number;verification;certificate
59942-15;Газоанализатор стационарный;19744;2024-06-02;С-БП/02-06-2024/345082966
reg_number;name;serial_number;verification;certificate
25913-08;Манометр показывающий;Н0647056;2024-08-22;С-БП/22-08-2024/364298817
reg_number;name;serial_number;verification;certificate
25913-08;Манометр показывающий;Н0646949;2024-08-22;С-БП/22-08-2024/364298815
reg_number;name;serial_number;verification;certificate
25913-08;Манометр показывающий;Н0646989;2024-08-22;С-БП/22-08-2024/364298816
reg_number;name;serial_number;verification;certificate
25913-08;Манометр показывающий;00882971;2024-11-27;С-БП/27-11-2024/391329027
reg_number;name;serial_number;verification;certificate
10135-15;Манометр показывающий;212001722;2024-11-27;С-БП/27-11-2024/391327569
reg_number;name;serial_number;verification;certificate
10135-15;Манометр показывающий;222006993;2024-11-27;С-БП/27-11-2024/391327623
reg_number;name;serial_number;verification;certificate
55984-13;Манометр показывающий ;8971NU3D;2024-11-27;С-БП/27-11-2024/391328833
reg_number;name;serial_number;verification;certificate
55984-13;Манометр показывающий ;897221EG;2024-11-27;С-БП/27-11-2024/391328119
reg_number;name;serial_number;verification;certificate
55984-13;Манометр показывающий ;8972220G;2024-11-27;С-БП/27-11-2024/391327772
reg_number;name;serial_number;verification;certificate
55984-13;Манометр показывающий ;89729CHL;2024-11-27;С-БП/27-11-2024/391327773
reg_number;name;serial_number;verification;certificate
46437-16;Преобразователь температуры;117;2024-11-25;С-БП/25-11-2024/391502816
reg_number;name;serial_number;verification;certificate
46437-16;Преобразователь температуры;118;2024-11-25;С-БП/25-11-2024/391502849
reg_number;name;serial_number;verification;certificate
46437-16;Преобразователь температуры;119;2024-11-25;С-БП/25-11-2024/391502845
reg_number;name;serial_number;verification;certificate
46437-16;Преобразователь температуры;122;2024-11-25;С-БП/25-11-2024/391502820
reg_number;name;serial_number;verification;certificate
46437-16;Преобразователь температуры;125;2024-11-25;С-БП/25-11-2024/391502834
reg_number;name;serial_number;verification;certificate
46437-16;Преобразователь температуры;126;2024-11-25;С-БП/25-11-2024/391502847
reg_number;name;serial_number;verification;certificate
46437-16;Преобразователь температуры;127;2024-11-25;С-БП/25-11-2024/391502856
reg_number;name;serial_number;verification;certificate
46437-16;Преобразователь температуры;129;2024-11-25;С-БП/25-11-2024/391502831
reg_number;name;serial_number;verification;certificate
46437-16;Преобразователь температуры;130;2024-11-25;С-БП/25-11-2024/391502822
reg_number;name;serial_number;verification;certificate
46437-16;Преобразователь температуры;133;2024-11-25;С-БП/25-11-2024/391502854
reg_number;name;serial_number;verification;certificate
46437-16;Преобразователь температуры;136;2024-11-25;С-БП/25-11-2024/391502829
reg_number;name;serial_number;verification;certificate
46437-16;Преобразователь температуры;137;2024-11-25;С-БП/25-11-2024/391502842
reg_number;name;serial_number;verification;certificate
46437-16;Преобразователь температуры;138;2024-11-25;С-БП/25-11-2024/391502851
reg_number;name;serial_number;verification;certificate
46437-16;Преобразователь температуры;143;2024-11-25;С-БП/25-11-2024/391502827
reg_number;name;serial_number;verification;certificate
46437-16;Преобразователь температуры;144;2024-11-25;С-БП/25-11-2024/391502836
reg_number;name;serial_number;verification;certificate
46437-16;Преобразователь температуры;145;2024-11-25;С-БП/25-11-2024/391502858
reg_number;name;serial_number;verification;certificate
46437-16;Преобразователь температуры;147;2024-11-25;С-БП/25-11-2024/391502818
reg_number;name;serial_number;verification;certificate
46437-16;Преобразователь температуры;249;2024-11-25;С-БП/25-11-2024/391502861
reg_number;name;serial_number;verification;certificate
60966-15;Преобразователь температуры;153;2024-11-26;С-БП/26-11-2024/391502931
reg_number;name;serial_number;verification;certificate
60966-15; Преобразователь температуры;72;2024-11-26;С-БП/26-11-2024/391502918
reg_number;name;serial_number;verification;certificate
59942-15;Газоанализатор стационарный;94466;2024-06-02;С-БП/02-06-2024/345084699
reg_number;name;serial_number;verification;certificate
59942-15;Газоанализатор стационарный;94454;2024-06-02;С-БП/02-06-2024/345084483
reg_number;name;serial_number;verification;certificate
59942-15;Газоанализатор стационарный;94073;2024-06-02;С-БП/02-06-2024/345084357
reg_number;name;serial_number;verification;certificate
59942-15;Газоанализатор стационарный;94253;2024-06-02;С-БП/02-06-2024/345084257
reg_number;name;serial_number;verification;certificate
59942-15;Газоанализатор стационарный;94302;2024-06-02;С-БП/02-06-2024/345084721
reg_number;name;serial_number;verification;certificate
59942-15;Газоанализатор стационарный;93403;2024-06-02;С-БП/02-06-2024/345084723
reg_number;name;serial_number;verification;certificate
59942-15;Газоанализатор стационарный;94185;2024-06-02;С-БП/02-06-2024/345084725
reg_number;name;serial_number;verification;certificate
59942-15;Газоанализатор стационарный;94456;2024-06-02;С-БП/02-06-2024/345084726
reg_number;name;serial_number;verification;certificate
59942-15;Газоанализатор стационарный;94340;2024-06-02;С-БП/02-06-2024/345084729
reg_number;name;serial_number;verification;certificate
59942-15;Газоанализатор стационарный;94335;2024-06-02;С-БП/02-06-2024/345084717
reg_number;name;serial_number;verification;certificate
59942-15;Газоанализатор стационарный;94424;2024-06-02;С-БП/02-06-2024/345084718
reg_number;name;serial_number;verification;certificate
59942-15;Газоанализатор стационарный;94455;2024-06-02;С-БП/02-06-2024/345084763
reg_number;name;serial_number;verification;certificate
59942-15;Газоанализатор стационарный;94083;2024-06-02;С-БП/02-06-2024/345084764
reg_number;name;serial_number;verification;certificate
59942-15;Газоанализатор стационарный;94368;2024-06-02;С-БП/02-06-2024/345084765
reg_number;name;serial_number;verification;certificate
59942-15;Газоанализатор стационарный;94080;2024-06-02;С-БП/02-06-2024/345084760
reg_number;name;serial_number;verification;certificate
59942-15;Газоанализатор стационарный;94482;2024-06-02;С-БП/02-06-2024/345084761
reg_number;name;serial_number;verification;certificate
59942-15;Газоанализатор стационарный;94071;2024-06-02;С-БП/02-06-2024/345084752
reg_number;name;serial_number;verification;certificate
59942-15;Газоанализатор стационарный;94188;2024-06-02;С-БП/02-06-2024/345084754
reg_number;name;serial_number;verification;certificate
59942-15;Газоанализатор стационарный;94260;2024-06-02;С-БП/02-06-2024/345084757
reg_number;name;serial_number;verification;certificate
59942-15;Газоанализатор стационарный;94328;2024-06-02;С-БП/02-06-2024/345084759
reg_number;name;serial_number;verification;certificate
59942-15;Газоанализатор стационарный;94279;2024-06-02;С-БП/02-06-2024/345084750
reg_number;name;serial_number;verification;certificate
59942-15;Газоанализатор стационарный;94196;2024-06-02;С-БП/02-06-2024/345084747
reg_number;name;serial_number;verification;certificate
59942-15;Газоанализатор стационарный;94846;2024-06-02;С-БП/02-06-2024/345084730
reg_number;name;serial_number;verification;certificate
59942-15;Газоанализатор стационарный;94068;2024-06-02;С-БП/02-06-2024/345084209
reg_number;name;serial_number;verification;certificate
59942-15;Газоанализатор стационарный;94298;2024-06-02;С-БП/02-06-2024/345084249
reg_number;name;serial_number;verification;certificate
59942-15;Газоанализатор стационарный;94261;2024-06-02;С-БП/02-06-2024/345084233
reg_number;name;serial_number;verification;certificate
59942-15;Газоанализатор стационарный;94203;2024-06-02;С-БП/02-06-2024/345084227
reg_number;name;serial_number;verification;certificate
59942-15;Газоанализатор стационарный;94280;2024-06-02;С-БП/02-06-2024/345084217
reg_number;name;serial_number;verification;certificate
59942-15;Газоанализатор стационарный;94193;2024-06-02;С-БП/02-06-2024/345084103
reg_number;name;serial_number;verification;certificate
59942-15;Газоанализатор стационарный;94347;2024-06-02;С-БП/02-06-2024/345084077
reg_number;name;serial_number;verification;certificate
59942-15;Газоанализатор стационарный;94255;2024-06-02;С-БП/02-06-2024/345084010
reg_number;name;serial_number;verification;certificate
59942-15;Газоанализатор стационарный;94087;2024-06-02;С-БП/02-06-2024/345083925
reg_number;name;serial_number;verification;certificate
59942-15;Газоанализатор стационарный;93629;2024-06-02;С-БП/02-06-2024/345083284
reg_number;name;serial_number;verification;certificate
59942-15;Газоанализатор стационарный;94545;2024-06-02;С-БП/02-06-2024/345083264
reg_number;name;serial_number;verification;certificate
59942-15;Газоанализатор стационарный;94281;2024-06-02;С-БП/02-06-2024/345083104
reg_number;name;serial_number;verification;certificate
59942-15;Газоанализатор стационарный;94386;2024-06-02;С-БП/02-06-2024/345082879
reg_number;name;serial_number;verification;certificate
59942-15;Газоанализатор стационарный;19376 (19776);2024-06-02;С-БП/02-06-2024/345082976
reg_number;name;serial_number;verification;certificate
59942-15;Газоанализатор стационарный;19744;2024-06-02;С-БП/02-06-2024/345082966
reg_number;name;serial_number;verification;certificate
25913-08;Манометр показывающий;Н0647056;2024-08-22;С-БП/22-08-2024/364298817
reg_number;name;serial_number;verification;certificate
25913-08;Манометр показывающий;Н0646949;2024-08-22;С-БП/22-08-2024/364298815
reg_number;name;serial_number;verification;certificate
25913-08;Манометр показывающий;Н0646989;2024-08-22;С-БП/22-08-2024/364298816
reg_number;name;serial_number;verification;certificate
25913-08;Манометр показывающий;00882971;2024-11-27;С-БП/27-11-2024/391329027
reg_number;name;serial_number;verification;certificate
10135-15;Манометр показывающий;212001722;2024-11-27;С-БП/27-11-2024/391327569
reg_number;name;serial_number;verification;certificate
10135-15;Манометр показывающий;222006993;2024-11-27;С-БП/27-11-2024/391327623
reg_number;name;serial_number;verification;certificate
55984-13;Манометр показывающий ;8971NU3D;2024-11-27;С-БП/27-11-2024/391328833
reg_number;name;serial_number;verification;certificate
55984-13;Манометр показывающий ;897221EG;2024-11-27;С-БП/27-11-2024/391328119
reg_number;name;serial_number;verification;certificate
55984-13;Манометр показывающий ;8972220G;2024-11-27;С-БП/27-11-2024/391327772
reg_number;name;serial_number;verification;certificate
55984-13;Манометр показывающий ;89729CHL;2024-11-27;С-БП/27-11-2024/391327773
reg_number;name;serial_number;verification;certificate
46437-16;Преобразователь температуры;117;2024-11-25;С-БП/25-11-2024/391502816
reg_number;name;serial_number;verification;certificate
46437-16;Преобразователь температуры;118;2024-11-25;С-БП/25-11-2024/391502849
reg_number;name;serial_number;verification;certificate
46437-16;Преобразователь температуры;119;2024-11-25;С-БП/25-11-2024/391502845
reg_number;name;serial_number;verification;certificate
46437-16;Преобразователь температуры;122;2024-11-25;С-БП/25-11-2024/391502820
reg_number;name;serial_number;verification;certificate
46437-16;Преобразователь температуры;125;2024-11-25;С-БП/25-11-2024/391502834
reg_number;name;serial_number;verification;certificate
46437-16;Преобразователь температуры;126;2024-11-25;С-БП/25-11-2024/391502847
reg_number;name;serial_number;verification;certificate
46437-16;Преобразователь температуры;127;2024-11-25;С-БП/25-11-2024/391502856
reg_number;name;serial_number;verification;certificate
46437-16;Преобразователь температуры;129;2024-11-25;С-БП/25-11-2024/391502831
reg_number;name;serial_number;verification;certificate
46437-16;Преобразователь температуры;130;2024-11-25;С-БП/25-11-2024/391502822
reg_number;name;serial_number;verification;certificate
46437-16;Преобразователь температуры;133;2024-11-25;С-БП/25-11-2024/391502854
reg_number;name;serial_number;verification;certificate
46437-16;Преобразователь температуры;136;2024-11-25;С-БП/25-11-2024/391502829
reg_number;name;serial_number;verification;certificate
46437-16;Преобразователь температуры;137;2024-11-25;С-БП/25-11-2024/391502842
reg_number;name;serial_number;verification;certificate
46437-16;Преобразователь температуры;138;2024-11-25;С-БП/25-11-2024/391502851
reg_number;name;serial_number;verification;certificate
46437-16;Преобразователь температуры;143;2024-11-25;С-БП/25-11-2024/391502827
reg_number;name;serial_number;verification;certificate
46437-16;Преобразователь температуры;144;2024-11-25;С-БП/25-11-2024/391502836
reg_number;name;serial_number;verification;certificate
46437-16;Преобразователь температуры;145;2024-11-25;С-БП/25-11-2024/391502858
reg_number;name;serial_number;verification;certificate
46437-16;Преобразователь температуры;147;2024-11-25;С-БП/25-11-2024/391502818
reg_number;name;serial_number;verification;certificate
46437-16;Преобразователь температуры;249;2024-11-25;С-БП/25-11-2024/391502861
reg_number;name;serial_number;verification;certificate
60966-15;Преобразователь температуры;153;2024-11-26;С-БП/26-11-2024/391502931
reg_number;name;serial_number;verification;certificate
60966-15; Преобразователь температуры;72;2024-11-26;С-БП/26-11-2024/391502918
reg_number;name;serial_number;verification;certificate
59942-15;Газоанализатор стационарный;94466;2024-06-02;С-БП/02-06-2024/345084699
reg_number;name;serial_number;verification;certificate
59942-15;Газоанализатор стационарный;94454;2024-06-02;С-БП/02-06-2024/345084483
reg_number;name;serial_number;verification;certificate
59942-15;Газоанализатор стационарный;94073;2024-06-02;С-БП/02-06-2024/345084357
reg_number;name;serial_number;verification;certificate
59942-15;Газоанализатор стационарный;94253;2024-06-02;С-БП/02-06-2024/345084257
reg_number;name;serial_number;verification;certificate
59942-15;Газоанализатор стационарный;94302;2024-06-02;С-БП/02-06-2024/345084721
reg_number;name;serial_number;verification;certificate
59942-15;Газоанализатор стационарный;93403;2024-06-02;С-БП/02-06-2024/345084723
reg_number;name;serial_number;verification;certificate
59942-15;Газоанализатор стационарный;94185;2024-06-02;С-БП/02-06-2024/345084725
reg_number;name;serial_number;verification;certificate
59942-15;Газоанализатор стационарный;94456;2024-06-02;С-БП/02-06-2024/345084726
reg_number;name;serial_number;verification;certificate
59942-15;Газоанализатор стационарный;94340;2024-06-02;С-БП/02-06-2024/345084729
reg_number;name;serial_number;verification;certificate
59942-15;Газоанализатор стационарный;94335;2024-06-02;С-БП/02-06-2024/345084717
reg_number;name;serial_number;verification;certificate
59942-15;Газоанализатор стационарный;94424;2024-06-02;С-БП/02-06-2024/345084718
reg_number;name;serial_number;verification;certificate
59942-15;Газоанализатор стационарный;94455;2024-06-02;С-БП/02-06-2024/345084763
reg_number;name;serial_number;verification;certificate
59942-15;Газоанализатор стационарный;94083;2024-06-02;С-БП/02-06-2024/345084764
reg_number;name;serial_number;verification;certificate
59942-15;Газоанализатор стационарный;94368;2024-06-02;С-БП/02-06-2024/345084765
reg_number;name;serial_number;verification;certificate
59942-15;Газоанализатор стационарный;94080;2024-06-02;С-БП/02-06-2024/345084760
reg_number;name;serial_number;verification;certificate
59942-15;Газоанализатор стационарный;94482;2024-06-02;С-БП/02-06-2024/345084761
reg_number;name;serial_number;verification;certificate
59942-15;Газоанализатор стационарный;94071;2024-06-02;С-БП/02-06-2024/345084752
reg_number;name;serial_number;verification;certificate
59942-15;Газоанализатор стационарный;94188;2024-06-02;С-БП/02-06-2024/345084754
reg_number;name;serial_number;verification;certificate
59942-15;Газоанализатор стационарный;94260;2024-06-02;С-БП/02-06-2024/345084757
reg_number;name;serial_number;verification;certificate
59942-15;Газоанализатор стационарный;94328;2024-06-02;С-БП/02-06-2024/345084759
reg_number;name;serial_number;verification;certificate
59942-15;Газоанализатор стационарный;94279;2024-06-02;С-БП/02-06-2024/345084750
reg_number;name;serial_number;verification;certificate
59942-15;Газоанализатор стационарный;94196;2024-06-02;С-БП/02-06-2024/345084747
reg_number;name;serial_number;verification;certificate
59942-15;Газоанализатор стационарный;94846;2024-06-02;С-БП/02-06-2024/345084730
reg_number;name;serial_number;verification;certificate
59942-15;Газоанализатор стационарный;94068;2024-06-02;С-БП/02-06-2024/345084209
reg_number;name;serial_number;verification;certificate
59942-15;Газоанализатор стационарный;94298;2024-06-02;С-БП/02-06-2024/345084249
reg_number;name;serial_number;verification;certificate
59942-15;Газоанализатор стационарный;94261;2024-06-02;С-БП/02-06-2024/345084233
reg_number;name;serial_number;verification;certificate
59942-15;Газоанализатор стационарный;94203;2024-06-02;С-БП/02-06-2024/345084227
reg_number;name;serial_number;verification;certificate
59942-15;Газоанализатор стационарный;94280;2024-06-02;С-БП/02-06-2024/345084217
reg_number;name;serial_number;verification;certificate
59942-15;Газоанализатор стационарный;94193;2024-06-02;С-БП/02-06-2024/345084103
reg_number;name;serial_number;verification;certificate
59942-15;Газоанализатор стационарный;94347;2024-06-02;С-БП/02-06-2024/345084077
reg_number;name;serial_number;verification;certificate
59942-15;Газоанализатор стационарный;94255;2024-06-02;С-БП/02-06-2024/345084010
reg_number;name;serial_number;verification;certificate
59942-15;Газоанализатор стационарный;94087;2024-06-02;С-БП/02-06-2024/345083925
reg_number;name;serial_number;verification;certificate
59942-15;Газоанализатор стационарный;93629;2024-06-02;С-БП/02-06-2024/345083284
reg_number;name;serial_number;verification;certificate
59942-15;Газоанализатор стационарный;94545;2024-06-02;С-БП/02-06-2024/345083264
reg_number;name;serial_number;verification;certificate
59942-15;Газоанализатор стационарный;94281;2024-06-02;С-БП/02-06-2024/345083104
reg_number;name;serial_number;verification;certificate
59942-15;Газоанализатор стационарный;94386;2024-06-02;С-БП/02-06-2024/345082879
reg_number;name;serial_number;verification;certificate
59942-15;Газоанализатор стационарный;19376 (19776);2024-06-02;С-БП/02-06-2024/345082976
reg_number;name;serial_number;verification;certificate
59942-15;Газоанализатор стационарный;19744;2024-06-02;С-БП/02-06-2024/345082966
reg_number;name;serial_number;verification;certificate
25913-08;Манометр показывающий;Н0647056;2024-08-22;С-БП/22-08-2024/364298817
reg_number;name;serial_number;verification;certificate
25913-08;Манометр показывающий;Н0646949;2024-08-22;С-БП/22-08-2024/364298815
reg_number;name;serial_number;verification;certificate
25913-08;Манометр показывающий;Н0646989;2024-08-22;С-БП/22-08-2024/364298816
reg_number;name;serial_number;verification;certificate
reg_number;name;serial_number;verification;certificate
25913-08;Манометр показывающий;00882971;2024-11-27;С-БП/27-11-2024/391329027
10135-15;Манометр показывающий;212001722;2024-11-27;С-БП/27-11-2024/391327569
10135-15;Манометр показывающий;222006993;2024-11-27;С-БП/27-11-2024/391327623
55984-13;Манометр показывающий ;8971NU3D;2024-11-27;С-БП/27-11-2024/391328833
55984-13;Манометр показывающий ;897221EG;2024-11-27;С-БП/27-11-2024/391328119
55984-13;Манометр показывающий ;8972220G;2024-11-27;С-БП/27-11-2024/391327772
55984-13;Манометр показывающий ;89729CHL;2024-11-27;С-БП/27-11-2024/391327773
46437-16;Преобразователь температуры;117;2024-11-25;С-БП/25-11-2024/391502816
46437-16;Преобразователь температуры;118;2024-11-25;С-БП/25-11-2024/391502849
46437-16;Преобразователь температуры;119;2024-11-25;С-БП/25-11-2024/391502845
46437-16;Преобразователь температуры;122;2024-11-25;С-БП/25-11-2024/391502820
46437-16;Преобразователь температуры;125;2024-11-25;С-БП/25-11-2024/391502834
46437-16;Преобразователь температуры;126;2024-11-25;С-БП/25-11-2024/391502847
46437-16;Преобразователь температуры;127;2024-11-25;С-БП/25-11-2024/391502856
46437-16;Преобразователь температуры;129;2024-11-25;С-БП/25-11-2024/391502831
46437-16;Преобразователь температуры;130;2024-11-25;С-БП/25-11-2024/391502822
46437-16;Преобразователь температуры;133;2024-11-25;С-БП/25-11-2024/391502854
46437-16;Преобразователь температуры;136;2024-11-25;С-БП/25-11-2024/391502829
46437-16;Преобразователь температуры;137;2024-11-25;С-БП/25-11-2024/391502842
46437-16;Преобразователь температуры;138;2024-11-25;С-БП/25-11-2024/391502851
46437-16;Преобразователь температуры;143;2024-11-25;С-БП/25-11-2024/391502827
46437-16;Преобразователь температуры;144;2024-11-25;С-БП/25-11-2024/391502836
46437-16;Преобразователь температуры;145;2024-11-25;С-БП/25-11-2024/391502858
46437-16;Преобразователь температуры;147;2024-11-25;С-БП/25-11-2024/391502818
46437-16;Преобразователь температуры;249;2024-11-25;С-БП/25-11-2024/391502861
60966-15;Преобразователь температуры;153;2024-11-26;С-БП/26-11-2024/391502931
60966-15; Преобразователь температуры;72;2024-11-26;С-БП/26-11-2024/391502918
59942-15;Газоанализатор стационарный;94466;2024-06-02;С-БП/02-06-2024/345084699
59942-15;Газоанализатор стационарный;94454;2024-06-02;С-БП/02-06-2024/345084483
59942-15;Газоанализатор стационарный;94073;2024-06-02;С-БП/02-06-2024/345084357
59942-15;Газоанализатор стационарный;94253;2024-06-02;С-БП/02-06-2024/345084257
59942-15;Газоанализатор стационарный;94302;2024-06-02;С-БП/02-06-2024/345084721
59942-15;Газоанализатор стационарный;93403;2024-06-02;С-БП/02-06-2024/345084723
59942-15;Газоанализатор стационарный;94185;2024-06-02;С-БП/02-06-2024/345084725
59942-15;Газоанализатор стационарный;94456;2024-06-02;С-БП/02-06-2024/345084726
59942-15;Газоанализатор стационарный;94340;2024-06-02;С-БП/02-06-2024/345084729
59942-15;Газоанализатор стационарный;94335;2024-06-02;С-БП/02-06-2024/345084717
59942-15;Газоанализатор стационарный;94424;2024-06-02;С-БП/02-06-2024/345084718
59942-15;Газоанализатор стационарный;94455;2024-06-02;С-БП/02-06-2024/345084763
59942-15;Газоанализатор стационарный;94083;2024-06-02;С-БП/02-06-2024/345084764
59942-15;Газоанализатор стационарный;94368;2024-06-02;С-БП/02-06-2024/345084765
59942-15;Газоанализатор стационарный;94080;2024-06-02;С-БП/02-06-2024/345084760
59942-15;Газоанализатор стационарный;94482;2024-06-02;С-БП/02-06-2024/345084761
59942-15;Газоанализатор стационарный;94071;2024-06-02;С-БП/02-06-2024/345084752
59942-15;Газоанализатор стационарный;94188;2024-06-02;С-БП/02-06-2024/345084754
59942-15;Газоанализатор стационарный;94260;2024-06-02;С-БП/02-06-2024/345084757
59942-15;Газоанализатор стационарный;94328;2024-06-02;С-БП/02-06-2024/345084759
59942-15;Газоанализатор стационарный;94279;2024-06-02;С-БП/02-06-2024/345084750
59942-15;Газоанализатор стационарный;94196;2024-06-02;С-БП/02-06-2024/345084747
59942-15;Газоанализатор стационарный;94846;2024-06-02;С-БП/02-06-2024/345084730
59942-15;Газоанализатор стационарный;94068;2024-06-02;С-БП/02-06-2024/345084209
59942-15;Газоанализатор стационарный;94298;2024-06-02;С-БП/02-06-2024/345084249
59942-15;Газоанализатор стационарный;94261;2024-06-02;С-БП/02-06-2024/345084233
59942-15;Газоанализатор стационарный;94203;2024-06-02;С-БП/02-06-2024/345084227
59942-15;Газоанализатор стационарный;94280;2024-06-02;С-БП/02-06-2024/345084217
59942-15;Газоанализатор стационарный;94193;2024-06-02;С-БП/02-06-2024/345084103
59942-15;Газоанализатор стационарный;94347;2024-06-02;С-БП/02-06-2024/345084077
59942-15;Газоанализатор стационарный;94255;2024-06-02;С-БП/02-06-2024/345084010
59942-15;Газоанализатор стационарный;94087;2024-06-02;С-БП/02-06-2024/345083925
59942-15;Газоанализатор стационарный;93629;2024-06-02;С-БП/02-06-2024/345083284
59942-15;Газоанализатор стационарный;94545;2024-06-02;С-БП/02-06-2024/345083264
59942-15;Газоанализатор стационарный;94281;2024-06-02;С-БП/02-06-2024/345083104
59942-15;Газоанализатор стационарный;94386;2024-06-02;С-БП/02-06-2024/345082879
59942-15;Газоанализатор стационарный;19376 (19776);2024-06-02;С-БП/02-06-2024/345082976
59942-15;Газоанализатор стационарный;19744;2024-06-02;С-БП/02-06-2024/345082966
25913-08;Манометр показывающий;Н0647056;2024-08-22;С-БП/22-08-2024/364298817
25913-08;Манометр показывающий;Н0646949;2024-08-22;С-БП/22-08-2024/364298815
25913-08;Манометр показывающий;Н0646989;2024-08-22;С-БП/22-08-2024/364298816
reg_number;name;serial_number;verification;certificate
25913-08;Манометр показывающий;00882971;2024-11-27;С-БП/27-11-2024/391329027
10135-15;Манометр показывающий;212001722;2024-11-27;С-БП/27-11-2024/391327569
10135-15;Манометр показывающий;222006993;2024-11-27;С-БП/27-11-2024/391327623
55984-13;Манометр показывающий ;8971NU3D;2024-11-27;С-БП/27-11-2024/391328833
55984-13;Манометр показывающий ;897221EG;2024-11-27;С-БП/27-11-2024/391328119
55984-13;Манометр показывающий ;8972220G;2024-11-27;С-БП/27-11-2024/391327772
55984-13;Манометр показывающий ;89729CHL;2024-11-27;С-БП/27-11-2024/391327773
46437-16;Преобразователь температуры;117;2024-11-25;С-БП/25-11-2024/391502816
46437-16;Преобразователь температуры;118;2024-11-25;С-БП/25-11-2024/391502849
46437-16;Преобразователь температуры;119;2024-11-25;С-БП/25-11-2024/391502845
46437-16;Преобразователь температуры;122;2024-11-25;С-БП/25-11-2024/391502820
46437-16;Преобразователь температуры;125;2024-11-25;С-БП/25-11-2024/391502834
46437-16;Преобразователь температуры;126;2024-11-25;С-БП/25-11-2024/391502847
46437-16;Преобразователь температуры;127;2024-11-25;С-БП/25-11-2024/391502856
46437-16;Преобразователь температуры;129;2024-11-25;С-БП/25-11-2024/391502831
46437-16;Преобразователь температуры;130;2024-11-25;С-БП/25-11-2024/391502822
46437-16;Преобразователь температуры;133;2024-11-25;С-БП/25-11-2024/391502854
46437-16;Преобразователь температуры;136;2024-11-25;С-БП/25-11-2024/391502829
46437-16;Преобразователь температуры;137;2024-11-25;С-БП/25-11-2024/391502842
46437-16;Преобразователь температуры;138;2024-11-25;С-БП/25-11-2024/391502851
46437-16;Преобразователь температуры;143;2024-11-25;С-БП/25-11-2024/391502827
46437-16;Преобразователь температуры;144;2024-11-25;С-БП/25-11-2024/391502836
46437-16;Преобразователь температуры;145;2024-11-25;С-БП/25-11-2024/391502858
46437-16;Преобразователь температуры;147;2024-11-25;С-БП/25-11-2024/391502818
46437-16;Преобразователь температуры;249;2024-11-25;С-БП/25-11-2024/391502861
60966-15;Преобразователь температуры;153;2024-11-26;С-БП/26-11-2024/391502931
60966-15; Преобразователь температуры;72;2024-11-26;С-БП/26-11-2024/391502918
59942-15;Газоанализатор стационарный;94466;2024-06-02;С-БП/02-06-2024/345084699
59942-15;Газоанализатор стационарный;94454;2024-06-02;С-БП/02-06-2024/345084483
59942-15;Газоанализатор стационарный;94073;2024-06-02;С-БП/02-06-2024/345084357
59942-15;Газоанализатор стационарный;94253;2024-06-02;С-БП/02-06-2024/345084257
59942-15;Газоанализатор стационарный;94302;2024-06-02;С-БП/02-06-2024/345084721
59942-15;Газоанализатор стационарный;93403;2024-06-02;С-БП/02-06-2024/345084723
59942-15;Газоанализатор стационарный;94185;2024-06-02;С-БП/02-06-2024/345084725
59942-15;Газоанализатор стационарный;94456;2024-06-02;С-БП/02-06-2024/345084726
59942-15;Газоанализатор стационарный;94340;2024-06-02;С-БП/02-06-2024/345084729
59942-15;Газоанализатор стационарный;94335;2024-06-02;С-БП/02-06-2024/345084717
59942-15;Газоанализатор стационарный;94424;2024-06-02;С-БП/02-06-2024/345084718
59942-15;Газоанализатор стационарный;94455;2024-06-02;С-БП/02-06-2024/345084763
59942-15;Газоанализатор стационарный;94083;2024-06-02;С-БП/02-06-2024/345084764
59942-15;Газоанализатор стационарный;94368;2024-06-02;С-БП/02-06-2024/345084765
59942-15;Газоанализатор стационарный;94080;2024-06-02;С-БП/02-06-2024/345084760
59942-15;Газоанализатор стационарный;94482;2024-06-02;С-БП/02-06-2024/345084761
59942-15;Газоанализатор стационарный;94071;2024-06-02;С-БП/02-06-2024/345084752
59942-15;Газоанализатор стационарный;94188;2024-06-02;С-БП/02-06-2024/345084754
59942-15;Газоанализатор стационарный;94260;2024-06-02;С-БП/02-06-2024/345084757
59942-15;Газоанализатор стационарный;94328;2024-06-02;С-БП/02-06-2024/345084759
59942-15;Газоанализатор стационарный;94279;2024-06-02;С-БП/02-06-2024/345084750
59942-15;Газоанализатор стационарный;94196;2024-06-02;С-БП/02-06-2024/345084747
59942-15;Газоанализатор стационарный;94846;2024-06-02;С-БП/02-06-2024/345084730
59942-15;Газоанализатор стационарный;94068;2024-06-02;С-БП/02-06-2024/345084209
59942-15;Газоанализатор стационарный;94298;2024-06-02;С-БП/02-06-2024/345084249
59942-15;Газоанализатор стационарный;94261;2024-06-02;С-БП/02-06-2024/345084233
59942-15;Газоанализатор стационарный;94203;2024-06-02;С-БП/02-06-2024/345084227
59942-15;Газоанализатор стационарный;94280;2024-06-02;С-БП/02-06-2024/345084217
59942-15;Газоанализатор стационарный;94193;2024-06-02;С-БП/02-06-2024/345084103
59942-15;Газоанализатор стационарный;94347;2024-06-02;С-БП/02-06-2024/345084077
59942-15;Газоанализатор стационарный;94255;2024-06-02;С-БП/02-06-2024/345084010
59942-15;Газоанализатор стационарный;94087;2024-06-02;С-БП/02-06-2024/345083925
59942-15;Газоанализатор стационарный;93629;2024-06-02;С-БП/02-06-2024/345083284
59942-15;Газоанализатор стационарный;94545;2024-06-02;С-БП/02-06-2024/345083264
59942-15;Газоанализатор стационарный;94281;2024-06-02;С-БП/02-06-2024/345083104
59942-15;Газоанализатор стационарный;94386;2024-06-02;С-БП/02-06-2024/345082879
59942-15;Газоанализатор стационарный;19376 (19776);2024-06-02;С-БП/02-06-2024/345082976
59942-15;Газоанализатор стационарный;19744;2024-06-02;С-БП/02-06-2024/345082966
25913-08;Манометр показывающий;Н0647056;2024-08-22;С-БП/22-08-2024/364298817
25913-08;Манометр показывающий;Н0646949;2024-08-22;С-БП/22-08-2024/364298815
25913-08;Манометр показывающий;Н0646989;2024-08-22;С-БП/22-08-2024/364298816
